[{"pk": "9da58990b350331dbcd34484a28c94fa", "model": "sessions.session", "fields": {"expire_date": "2009-06-18 13:17:06", "session_data": "gAJ9cQEoVQp0ZXN0Y29va2llcQJVBndvcmtlZHEDVRJfYXV0aF91c2VyX2JhY2tlbmRxBFUpZGph\nbmdvLmNvbnRyaWIuYXV0aC5iYWNrZW5kcy5Nb2RlbEJhY2tlbmRxBVUNX2F1dGhfdXNlcl9pZHEG\nSwF1LmY4NDg5NWZmYTM1MTI3NTg1OWQ4NjFiN2Q5MjVjMmEw\n"}}, {"pk": "25152c11745a5161c2e1fc2f7f56df87", "model": "sessions.session", "fields": {"expire_date": "2009-06-08 13:54:44", "session_data": "gAJ9cQEoVRJfYXV0aF91c2VyX2JhY2tlbmRxAlUpZGphbmdvLmNvbnRyaWIuYXV0aC5iYWNrZW5k\ncy5Nb2RlbEJhY2tlbmRxA1UNX2F1dGhfdXNlcl9pZHEESwF1LjBmZDJhZmJlYjMwMThhOWY2NzY4\nM2Q3M2NmNWUxYmNi\n"}}, {"pk": "e2008818b8c1888d180b899f1c15caec", "model": "sessions.session", "fields": {"expire_date": "2009-06-11 11:51:23", "session_data": "gAJ9cQEoVRJfYXV0aF91c2VyX2JhY2tlbmRxAlUpZGphbmdvLmNvbnRyaWIuYXV0aC5iYWNrZW5k\ncy5Nb2RlbEJhY2tlbmRxA1UNX2F1dGhfdXNlcl9pZHEESwF1LjBmZDJhZmJlYjMwMThhOWY2NzY4\nM2Q3M2NmNWUxYmNi\n"}}, {"pk": "dfdd96150cad5a96c87f0aee167f3174", "model": "sessions.session", "fields": {"expire_date": "2009-06-16 10:43:49", "session_data": "gAJ9cQEoVQp0ZXN0Y29va2llcQJVBndvcmtlZHEDVQ1fYXV0aF91c2VyX2lkcQRLAVUSX2F1dGhf\ndXNlcl9iYWNrZW5kcQVVKWRqYW5nby5jb250cmliLmF1dGguYmFja2VuZHMuTW9kZWxCYWNrZW5k\ncQZ1LjBkMjRjMjUyNWRiMzRmODJiMmExMTcyNmU2ODRlMDIw\n"}}, {"pk": "41c3010760d3b0feaf5100220b443d29", "model": "sessions.session", "fields": {"expire_date": "2009-06-16 10:47:23", "session_data": "gAJ9cQEoVQp0ZXN0Y29va2llcQJVBndvcmtlZHEDVQ1fYXV0aF91c2VyX2lkcQRLAVUSX2F1dGhf\ndXNlcl9iYWNrZW5kcQVVKWRqYW5nby5jb250cmliLmF1dGguYmFja2VuZHMuTW9kZWxCYWNrZW5k\ncQZ1LjBkMjRjMjUyNWRiMzRmODJiMmExMTcyNmU2ODRlMDIw\n"}}, {"pk": "571d928e7b51d255148666f4008d142a", "model": "sessions.session", "fields": {"expire_date": "2009-06-16 10:51:21", "session_data": "gAJ9cQEoVQp0ZXN0Y29va2llcQJVBndvcmtlZHEDVQ1fYXV0aF91c2VyX2lkcQRLAVUSX2F1dGhf\ndXNlcl9iYWNrZW5kcQVVKWRqYW5nby5jb250cmliLmF1dGguYmFja2VuZHMuTW9kZWxCYWNrZW5k\ncQZ1LjBkMjRjMjUyNWRiMzRmODJiMmExMTcyNmU2ODRlMDIw\n"}}, {"pk": "4726710987e258f5a9b7d727518f9d09", "model": "sessions.session", "fields": {"expire_date": "2009-06-16 10:54:55", "session_data": "gAJ9cQEoVQp0ZXN0Y29va2llcQJVBndvcmtlZHEDVRJfYXV0aF91c2VyX2JhY2tlbmRxBFUpZGph\nbmdvLmNvbnRyaWIuYXV0aC5iYWNrZW5kcy5Nb2RlbEJhY2tlbmRxBVUNX2F1dGhfdXNlcl9pZHEG\nSwF1LmY4NDg5NWZmYTM1MTI3NTg1OWQ4NjFiN2Q5MjVjMmEw\n"}}, {"pk": "292db8fc1fd80f32f905f5d91687d00f", "model": "sessions.session", "fields": {"expire_date": "2009-06-16 12:02:27", "session_data": "gAJ9cQEuN2MwMjhmZGIwYmRiNmFkMGUwY2JmZTdjNjcxMDk4Yjg=\n"}}, {"pk": "fdcaa727712a3b097b927d439a2ea4c8", "model": "sessions.session", "fields": {"expire_date": "2009-06-16 12:06:20", "session_data": "gAJ9cQEuN2MwMjhmZGIwYmRiNmFkMGUwY2JmZTdjNjcxMDk4Yjg=\n"}}, {"pk": "fb03ff35c639d48a8f62b3ee2e68c40b", "model": "sessions.session", "fields": {"expire_date": "2009-06-16 12:08:17", "session_data": "gAJ9cQEuN2MwMjhmZGIwYmRiNmFkMGUwY2JmZTdjNjcxMDk4Yjg=\n"}}, {"pk": "ea356cf6065b4bd985d163b1144296ec", "model": "sessions.session", "fields": {"expire_date": "2009-06-16 12:32:08", "session_data": "gAJ9cQEoVRJfYXV0aF91c2VyX2JhY2tlbmRxAlUpZGphbmdvLmNvbnRyaWIuYXV0aC5iYWNrZW5k\ncy5Nb2RlbEJhY2tlbmRxA1UNX2F1dGhfdXNlcl9pZHEESwF1LjBmZDJhZmJlYjMwMThhOWY2NzY4\nM2Q3M2NmNWUxYmNi\n"}}, {"pk": "75362a46cd7de028c4ce9e848b84f4ff", "model": "sessions.session", "fields": {"expire_date": "2009-06-17 20:07:54", "session_data": "gAJ9cQFVCnRlc3Rjb29raWVxAlUGd29ya2VkcQNzLmE1ZTk0NDQ2YThiOTNiNWM4Nzc2NjM0YTUw\nYWVlYzZi\n"}}, {"pk": "d22f39893b6c8d2cd9c24682b264cee6", "model": "sessions.session", "fields": {"expire_date": "2009-06-16 19:55:26", "session_data": "gAJ9cQEuN2MwMjhmZGIwYmRiNmFkMGUwY2JmZTdjNjcxMDk4Yjg=\n"}}, {"pk": "cd97d67339d4316f683d55ee87043c00", "model": "sessions.session", "fields": {"expire_date": "2009-06-17 14:10:37", "session_data": "gAJ9cQFVCnRlc3Rjb29raWVxAlUGd29ya2VkcQNzLmE1ZTk0NDQ2YThiOTNiNWM4Nzc2NjM0YTUw\nYWVlYzZi\n"}}, {"pk": "1b0a6816130237d62e52bd493a070b14", "model": "sessions.session", "fields": {"expire_date": "2009-06-17 20:31:58", "session_data": "gAJ9cQFVCnRlc3Rjb29raWVxAlUGd29ya2VkcQNzLmE1ZTk0NDQ2YThiOTNiNWM4Nzc2NjM0YTUw\nYWVlYzZi\n"}}, {"pk": "b1fc1a44aae4679c440bc600f1a0cc4e", "model": "sessions.session", "fields": {"expire_date": "2009-06-17 19:07:49", "session_data": "gAJ9cQFVCnRlc3Rjb29raWVxAlUGd29ya2VkcQNzLmE1ZTk0NDQ2YThiOTNiNWM4Nzc2NjM0YTUw\nYWVlYzZi\n"}}, {"pk": "c911641b6b774b858c23fe26a0bb1726", "model": "sessions.session", "fields": {"expire_date": "2009-06-17 19:39:06", "session_data": "gAJ9cQFVCnRlc3Rjb29raWVxAlUGd29ya2VkcQNzLmE1ZTk0NDQ2YThiOTNiNWM4Nzc2NjM0YTUw\nYWVlYzZi\n"}}, {"pk": "599875547cd4ba619005b59862a1c2f6", "model": "sessions.session", "fields": {"expire_date": "2009-06-17 19:31:51", "session_data": "gAJ9cQFVCnRlc3Rjb29raWVxAlUGd29ya2VkcQNzLmE1ZTk0NDQ2YThiOTNiNWM4Nzc2NjM0YTUw\nYWVlYzZi\n"}}, {"pk": "79f0a4fc09cef743b7d4a998263f08a0", "model": "sessions.session", "fields": {"expire_date": "2009-06-17 20:54:21", "session_data": "gAJ9cQFVCnRlc3Rjb29raWVxAlUGd29ya2VkcQNzLmE1ZTk0NDQ2YThiOTNiNWM4Nzc2NjM0YTUw\nYWVlYzZi\n"}}, {"pk": "a698f19b4a9b1aa7164643979babf9f9", "model": "sessions.session", "fields": {"expire_date": "2009-06-17 22:10:20", "session_data": "gAJ9cQFVCnRlc3Rjb29raWVxAlUGd29ya2VkcQNzLmE1ZTk0NDQ2YThiOTNiNWM4Nzc2NjM0YTUw\nYWVlYzZi\n"}}, {"pk": "6669f7bc72c0a3804371487254161f6e", "model": "sessions.session", "fields": {"expire_date": "2009-06-18 00:56:56", "session_data": "gAJ9cQFVCnRlc3Rjb29raWVxAlUGd29ya2VkcQNzLmE1ZTk0NDQ2YThiOTNiNWM4Nzc2NjM0YTUw\nYWVlYzZi\n"}}, {"pk": 1, "model": "sites.site", "fields": {"domain": "example.com", "name": "example.com"}}, {"pk": 55, "model": "admin.logentry", "fields": {"action_flag": 1, "action_time": "2009-06-01 13:00:17", "object_repr": "Vodka :: hasta 500 uds :: 10.50", "object_id": "19", "change_message": "", "user": 1, "content_type": 12}}, {"pk": 54, "model": "admin.logentry", "fields": {"action_flag": 2, "action_time": "2009-06-01 12:59:50", "object_repr": "Vodka :: hasta 1000 uds :: 10.00", "object_id": "18", "change_message": "No ha cambiado ning\u00fan campo.", "user": 1, "content_type": 12}}, {"pk": 53, "model": "admin.logentry", "fields": {"action_flag": 2, "action_time": "2009-06-01 12:59:40", "object_repr": "Vodka :: hasta 1000 uds :: 10.00", "object_id": "18", "change_message": "Modificado/a precio y cantidad.", "user": 1, "content_type": 12}}, {"pk": 52, "model": "admin.logentry", "fields": {"action_flag": 2, "action_time": "2009-06-01 12:59:21", "object_repr": "Vodka :: hasta 2500 uds :: 9.00", "object_id": "18", "change_message": "Modificado/a precio y cantidad.", "user": 1, "content_type": 12}}, {"pk": 51, "model": "admin.logentry", "fields": {"action_flag": 1, "action_time": "2009-06-01 12:59:12", "object_repr": "Vodka :: hasta 1000 uds :: 10.00", "object_id": "18", "change_message": "", "user": 1, "content_type": 12}}, {"pk": 50, "model": "admin.logentry", "fields": {"action_flag": 1, "action_time": "2009-06-01 12:58:42", "object_repr": "Vodka", "object_id": "18", "change_message": "", "user": 1, "content_type": 11}}, {"pk": 49, "model": "admin.logentry", "fields": {"action_flag": 1, "action_time": "2009-05-27 12:54:56", "object_repr": "3 :: DIA :: 2009-05-27 12:54:56.827605", "object_id": "3", "change_message": "", "user": 1, "content_type": 10}}, {"pk": 48, "model": "admin.logentry", "fields": {"action_flag": 3, "action_time": "2009-05-26 12:14:37", "object_repr": "Ron", "object_id": "13", "change_message": "", "user": 1, "content_type": 11}}, {"pk": 47, "model": "admin.logentry", "fields": {"action_flag": 3, "action_time": "2009-05-26 12:14:37", "object_repr": "Vodka", "object_id": "14", "change_message": "", "user": 1, "content_type": 11}}, {"pk": 46, "model": "admin.logentry", "fields": {"action_flag": 3, "action_time": "2009-05-26 12:14:37", "object_repr": "Ginebra", "object_id": "15", "change_message": "", "user": 1, "content_type": 11}}, {"pk": 45, "model": "admin.logentry", "fields": {"action_flag": 3, "action_time": "2009-05-26 12:14:37", "object_repr": "Shake", "object_id": "16", "change_message": "", "user": 1, "content_type": 11}}, {"pk": 44, "model": "admin.logentry", "fields": {"action_flag": 1, "action_time": "2009-05-26 12:13:05", "object_repr": "Whisky :: hasta 500 uds :: 6.00", "object_id": "17", "change_message": "", "user": 1, "content_type": 12}}, {"pk": 43, "model": "admin.logentry", "fields": {"action_flag": 1, "action_time": "2009-05-26 12:12:55", "object_repr": "Whisky :: hasta 300 uds :: 7.00", "object_id": "16", "change_message": "", "user": 1, "content_type": 12}}, {"pk": 42, "model": "admin.logentry", "fields": {"action_flag": 1, "action_time": "2009-05-26 12:12:40", "object_repr": "Whisky :: hasta 100 uds :: 8.00", "object_id": "15", "change_message": "", "user": 1, "content_type": 12}}, {"pk": 41, "model": "admin.logentry", "fields": {"action_flag": 1, "action_time": "2009-05-26 12:12:09", "object_repr": "Arroz :: hasta 3500 uds :: 0.50", "object_id": "14", "change_message": "", "user": 1, "content_type": 12}}, {"pk": 40, "model": "admin.logentry", "fields": {"action_flag": 1, "action_time": "2009-05-26 12:11:52", "object_repr": "Arroz :: hasta 1500 uds :: 0.75", "object_id": "13", "change_message": "", "user": 1, "content_type": 12}}, {"pk": 39, "model": "admin.logentry", "fields": {"action_flag": 1, "action_time": "2009-05-26 12:11:26", "object_repr": "Miel :: hasta 2000 uds :: 0.90", "object_id": "12", "change_message": "", "user": 1, "content_type": 12}}, {"pk": 38, "model": "admin.logentry", "fields": {"action_flag": 1, "action_time": "2009-05-26 12:11:14", "object_repr": "Miel :: hasta 1000 uds :: 1.00", "object_id": "11", "change_message": "", "user": 1, "content_type": 12}}, {"pk": 37, "model": "admin.logentry", "fields": {"action_flag": 1, "action_time": "2009-05-26 12:10:59", "object_repr": "Agua :: hasta 9999999999 uds :: 0.10", "object_id": "10", "change_message": "", "user": 1, "content_type": 12}}, {"pk": 36, "model": "admin.logentry", "fields": {"action_flag": 1, "action_time": "2009-05-26 12:10:32", "object_repr": "Agua :: hasta 5000 uds :: 0.15", "object_id": "9", "change_message": "", "user": 1, "content_type": 12}}, {"pk": 35, "model": "admin.logentry", "fields": {"action_flag": 1, "action_time": "2009-05-26 12:10:19", "object_repr": "Agua :: hasta 2000 uds :: 0.30", "object_id": "8", "change_message": "", "user": 1, "content_type": 12}}, {"pk": 34, "model": "admin.logentry", "fields": {"action_flag": 1, "action_time": "2009-05-26 12:10:08", "object_repr": "Pizza :: hasta 3000 uds :: 2.50", "object_id": "7", "change_message": "", "user": 1, "content_type": 12}}, {"pk": 33, "model": "admin.logentry", "fields": {"action_flag": 1, "action_time": "2009-05-26 12:09:55", "object_repr": "Pizza :: hasta 1500 uds :: 3.00", "object_id": "6", "change_message": "", "user": 1, "content_type": 12}}, {"pk": 32, "model": "admin.logentry", "fields": {"action_flag": 1, "action_time": "2009-05-26 12:08:52", "object_repr": "Aguamiel", "object_id": "17", "change_message": "", "user": 1, "content_type": 11}}, {"pk": 31, "model": "admin.logentry", "fields": {"action_flag": 1, "action_time": "2009-05-26 12:08:44", "object_repr": "Shake", "object_id": "16", "change_message": "", "user": 1, "content_type": 11}}, {"pk": 30, "model": "admin.logentry", "fields": {"action_flag": 1, "action_time": "2009-05-26 12:08:38", "object_repr": "Ginebra", "object_id": "15", "change_message": "", "user": 1, "content_type": 11}}, {"pk": 29, "model": "admin.logentry", "fields": {"action_flag": 1, "action_time": "2009-05-26 12:08:34", "object_repr": "Vodka", "object_id": "14", "change_message": "", "user": 1, "content_type": 11}}, {"pk": 28, "model": "admin.logentry", "fields": {"action_flag": 1, "action_time": "2009-05-26 12:08:24", "object_repr": "Ron", "object_id": "13", "change_message": "", "user": 1, "content_type": 11}}, {"pk": 27, "model": "admin.logentry", "fields": {"action_flag": 1, "action_time": "2009-05-26 12:08:17", "object_repr": "Whisky", "object_id": "12", "change_message": "", "user": 1, "content_type": 11}}, {"pk": 26, "model": "admin.logentry", "fields": {"action_flag": 1, "action_time": "2009-05-26 12:07:54", "object_repr": "Ordenador", "object_id": "11", "change_message": "", "user": 1, "content_type": 11}}, {"pk": 25, "model": "admin.logentry", "fields": {"action_flag": 1, "action_time": "2009-05-26 12:07:44", "object_repr": "Neveras", "object_id": "10", "change_message": "", "user": 1, "content_type": 11}}, {"pk": 24, "model": "admin.logentry", "fields": {"action_flag": 1, "action_time": "2009-05-26 12:07:30", "object_repr": "Petardos (pumpum)", "object_id": "9", "change_message": "", "user": 1, "content_type": 11}}, {"pk": 23, "model": "admin.logentry", "fields": {"action_flag": 1, "action_time": "2009-05-26 12:07:19", "object_repr": "Esteroides", "object_id": "8", "change_message": "", "user": 1, "content_type": 11}}, {"pk": 22, "model": "admin.logentry", "fields": {"action_flag": 1, "action_time": "2009-05-26 12:07:13", "object_repr": "Barritas", "object_id": "7", "change_message": "", "user": 1, "content_type": 11}}, {"pk": 21, "model": "admin.logentry", "fields": {"action_flag": 1, "action_time": "2009-05-26 12:07:07", "object_repr": "Arroz", "object_id": "6", "change_message": "", "user": 1, "content_type": 11}}, {"pk": 20, "model": "admin.logentry", "fields": {"action_flag": 1, "action_time": "2009-05-26 12:07:04", "object_repr": "Miel", "object_id": "5", "change_message": "", "user": 1, "content_type": 11}}, {"pk": 19, "model": "admin.logentry", "fields": {"action_flag": 1, "action_time": "2009-05-26 12:06:58", "object_repr": "Agua", "object_id": "4", "change_message": "", "user": 1, "content_type": 11}}, {"pk": 18, "model": "admin.logentry", "fields": {"action_flag": 1, "action_time": "2009-05-26 12:06:27", "object_repr": "Sepu", "object_id": "6", "change_message": "", "user": 1, "content_type": 9}}, {"pk": 17, "model": "admin.logentry", "fields": {"action_flag": 1, "action_time": "2009-05-26 12:05:13", "object_repr": "Simply", "object_id": "5", "change_message": "", "user": 1, "content_type": 9}}, {"pk": 16, "model": "admin.logentry", "fields": {"action_flag": 1, "action_time": "2009-05-26 12:04:20", "object_repr": "DIA", "object_id": "4", "change_message": "", "user": 1, "content_type": 9}}, {"pk": 15, "model": "admin.logentry", "fields": {"action_flag": 2, "action_time": "2009-05-26 11:54:45", "object_repr": "2 :: Galerias Primero :: 2009-05-26 11:54:13.475758", "object_id": "2", "change_message": "No ha cambiado ning\u00fan campo.", "user": 1, "content_type": 10}}, {"pk": 14, "model": "admin.logentry", "fields": {"action_flag": 1, "action_time": "2009-05-26 11:54:13", "object_repr": "2 :: Galerias Primero :: 2009-05-26 11:54:13.475758", "object_id": "2", "change_message": "", "user": 1, "content_type": 10}}, {"pk": 13, "model": "admin.logentry", "fields": {"action_flag": 1, "action_time": "2009-05-26 11:53:44", "object_repr": "1 :: El Corte Ingles :: 2009-05-26 11:53:44.882515", "object_id": "1", "change_message": "", "user": 1, "content_type": 10}}, {"pk": 12, "model": "admin.logentry", "fields": {"action_flag": 1, "action_time": "2009-05-26 11:48:13", "object_repr": "Leche :: hasta 3000 uds :: 0.30", "object_id": "5", "change_message": "", "user": 1, "content_type": 12}}, {"pk": 11, "model": "admin.logentry", "fields": {"action_flag": 1, "action_time": "2009-05-26 11:47:52", "object_repr": "Leche :: hasta 2000 uds :: 0.40", "object_id": "4", "change_message": "", "user": 1, "content_type": 12}}, {"pk": 10, "model": "admin.logentry", "fields": {"action_flag": 1, "action_time": "2009-05-26 11:47:37", "object_repr": "Leche :: hasta 1000 uds :: 0.50", "object_id": "3", "change_message": "", "user": 1, "content_type": 12}}, {"pk": 9, "model": "admin.logentry", "fields": {"action_flag": 1, "action_time": "2009-05-26 11:09:13", "object_repr": "Yogures :: 0.90", "object_id": "2", "change_message": "", "user": 1, "content_type": 12}}, {"pk": 8, "model": "admin.logentry", "fields": {"action_flag": 1, "action_time": "2009-05-26 11:08:52", "object_repr": "Yogures :: 1.00", "object_id": "1", "change_message": "", "user": 1, "content_type": 12}}, {"pk": 7, "model": "admin.logentry", "fields": {"action_flag": 1, "action_time": "2009-05-26 11:01:26", "object_repr": "Pizza", "object_id": "3", "change_message": "", "user": 1, "content_type": 11}}, {"pk": 6, "model": "admin.logentry", "fields": {"action_flag": 1, "action_time": "2009-05-26 11:01:07", "object_repr": "Leche", "object_id": "2", "change_message": "", "user": 1, "content_type": 11}}, {"pk": 5, "model": "admin.logentry", "fields": {"action_flag": 1, "action_time": "2009-05-26 11:01:02", "object_repr": "Yogures", "object_id": "1", "change_message": "", "user": 1, "content_type": 11}}, {"pk": 4, "model": "admin.logentry", "fields": {"action_flag": 1, "action_time": "2009-05-25 14:19:09", "object_repr": "Galerias Primero", "object_id": "3", "change_message": "", "user": 1, "content_type": 9}}, {"pk": 3, "model": "admin.logentry", "fields": {"action_flag": 1, "action_time": "2009-05-25 14:17:42", "object_repr": "El Corte Ingles", "object_id": "2", "change_message": "", "user": 1, "content_type": 9}}, {"pk": 2, "model": "admin.logentry", "fields": {"action_flag": 1, "action_time": "2009-05-25 14:15:02", "object_repr": "Almacenes", "object_id": "1", "change_message": "", "user": 1, "content_type": 2}}, {"pk": 1, "model": "admin.logentry", "fields": {"action_flag": 1, "action_time": "2009-05-25 13:57:39", "object_repr": "Yogures", "object_id": "1", "change_message": "", "user": 1, "content_type": 11}}, {"pk": 2, "model": "central.almacen", "fields": {"fecha_alta": "2009-05-25", "estado": "A", "direccion": "xxxxxxxxxxxxxxxxxx", "groups": [1], "user_permissions": [], "nombre": "El Corte Ingles", "fecha_baja": null}}, {"pk": 3, "model": "central.almacen", "fields": {"fecha_alta": "2009-05-25", "estado": "A", "direccion": "Zaragoza", "groups": [1], "user_permissions": [], "nombre": "Galerias Primero", "fecha_baja": null}}, {"pk": 4, "model": "central.almacen", "fields": {"fecha_alta": "2009-05-26", "estado": "A", "direccion": "nose", "groups": [], "user_permissions": [], "nombre": "DIA", "fecha_baja": null}}, {"pk": 5, "model": "central.almacen", "fields": {"fecha_alta": "2009-05-26", "estado": "A", "direccion": "Cuenca", "groups": [], "user_permissions": [], "nombre": "Simply", "fecha_baja": null}}, {"pk": 6, "model": "central.almacen", "fields": {"fecha_alta": "1945-02-11", "estado": "B", "direccion": "murcia", "groups": [], "user_permissions": [], "nombre": "Sepu", "fecha_baja": "1999-10-19"}}, {"pk": 1, "model": "central.docpedido", "fields": {"fecha": "2009-05-26 11:53:44", "almacen": 2}}, {"pk": 2, "model": "central.docpedido", "fields": {"fecha": "2009-05-26 11:54:13", "almacen": 3}}, {"pk": 3, "model": "central.docpedido", "fields": {"fecha": "2009-05-27 12:54:56", "almacen": 4}}, {"pk": 1, "model": "central.producto", "fields": {"nombre": "Yogures"}}, {"pk": 2, "model": "central.producto", "fields": {"nombre": "Leche"}}, {"pk": 3, "model": "central.producto", "fields": {"nombre": "Pizza"}}, {"pk": 4, "model": "central.producto", "fields": {"nombre": "Agua"}}, {"pk": 5, "model": "central.producto", "fields": {"nombre": "Miel"}}, {"pk": 6, "model": "central.producto", "fields": {"nombre": "Arroz"}}, {"pk": 7, "model": "central.producto", "fields": {"nombre": "Barritas"}}, {"pk": 8, "model": "central.producto", "fields": {"nombre": "Esteroides"}}, {"pk": 9, "model": "central.producto", "fields": {"nombre": "Petardos (pumpum)"}}, {"pk": 10, "model": "central.producto", "fields": {"nombre": "Neveras"}}, {"pk": 11, "model": "central.producto", "fields": {"nombre": "Ordenador"}}, {"pk": 12, "model": "central.producto", "fields": {"nombre": "Whisky"}}, {"pk": 17, "model": "central.producto", "fields": {"nombre": "Aguamiel"}}, {"pk": 18, "model": "central.producto", "fields": {"nombre": "Vodka"}}, {"pk": 1, "model": "central.precioproducto", "fields": {"producto": 1, "precio": "1.00", "cantidad": 1000}}, {"pk": 2, "model": "central.precioproducto", "fields": {"producto": 1, "precio": "0.90", "cantidad": 2000}}, {"pk": 3, "model": "central.precioproducto", "fields": {"producto": 2, "precio": "0.50", "cantidad": 1000}}, {"pk": 4, "model": "central.precioproducto", "fields": {"producto": 2, "precio": "0.40", "cantidad": 2000}}, {"pk": 5, "model": "central.precioproducto", "fields": {"producto": 2, "precio": "0.30", "cantidad": 3000}}, {"pk": 6, "model": "central.precioproducto", "fields": {"producto": 3, "precio": "3.00", "cantidad": 1500}}, {"pk": 7, "model": "central.precioproducto", "fields": {"producto": 3, "precio": "2.50", "cantidad": 3000}}, {"pk": 8, "model": "central.precioproducto", "fields": {"producto": 4, "precio": "0.30", "cantidad": 2000}}, {"pk": 9, "model": "central.precioproducto", "fields": {"producto": 4, "precio": "0.15", "cantidad": 5000}}, {"pk": 10, "model": "central.precioproducto", "fields": {"producto": 4, "precio": "0.10", "cantidad": 9999999999}}, {"pk": 11, "model": "central.precioproducto", "fields": {"producto": 5, "precio": "1.00", "cantidad": 1000}}, {"pk": 12, "model": "central.precioproducto", "fields": {"producto": 5, "precio": "0.90", "cantidad": 2000}}, {"pk": 13, "model": "central.precioproducto", "fields": {"producto": 6, "precio": "0.75", "cantidad": 1500}}, {"pk": 14, "model": "central.precioproducto", "fields": {"producto": 6, "precio": "0.50", "cantidad": 3500}}, {"pk": 15, "model": "central.precioproducto", "fields": {"producto": 12, "precio": "8.00", "cantidad": 100}}, {"pk": 16, "model": "central.precioproducto", "fields": {"producto": 12, "precio": "7.00", "cantidad": 300}}, {"pk": 17, "model": "central.precioproducto", "fields": {"producto": 12, "precio": "6.00", "cantidad": 500}}, {"pk": 18, "model": "central.precioproducto", "fields": {"producto": 18, "precio": "10.00", "cantidad": 1000}}, {"pk": 19, "model": "central.precioproducto", "fields": {"producto": 18, "precio": "10.50", "cantidad": 500}}, {"pk": 1, "model": "central.lineadocpedido", "fields": {"docpedido": 1, "producto": 1, "cantidad": 1500}}, {"pk": 2, "model": "central.lineadocpedido", "fields": {"docpedido": 1, "producto": 2, "cantidad": 3000}}, {"pk": 3, "model": "central.lineadocpedido", "fields": {"docpedido": 2, "producto": 2, "cantidad": 500}}, {"pk": 4, "model": "central.lineadocpedido", "fields": {"docpedido": 2, "producto": 1, "cantidad": 900}}, {"pk": 5, "model": "central.lineadocpedido", "fields": {"docpedido": 3, "producto": 1, "cantidad": 500}}, {"pk": 6, "model": "central.lineadocpedido", "fields": {"docpedido": 3, "producto": 2, "cantidad": 6000}}, {"pk": 7, "model": "central.lineadocpedido", "fields": {"docpedido": 3, "producto": 4, "cantidad": 300}}]
